timestamp,project_name,run_id,duration,emissions,emissions_rate,cpu_power,gpu_power,ram_power,cpu_energy,gpu_energy,ram_energy,energy_consumed,country_name,country_iso_code,region,cloud_provider,cloud_region,os,python_version,codecarbon_version,cpu_count,cpu_model,gpu_count,gpu_model,longitude,latitude,ram_total_size,tracking_mode,on_cloud,pue
2024-08-12T10:03:03,codecarbon,687fd279-a5ea-410f-82c0-5f399e1e4823,0.0779233740177005,4.441655402103502e-07,5.700029622811976e-06,42.5,0.0,11.64010763168335,9.165796618011276e-07,0.0,2.493621683874803e-07,1.1659418301886078e-06,Germany,DEU,north rhine-westphalia,,,Linux-6.2.0-26-generic-x86_64-with-glibc2.35,3.11.5,2.6.0,16.0,12th Gen Intel(R) Core(TM) i7-1260P,,,8.7267,51.7178,31.040287017822266,machine,N,1.0
2024-08-12T10:06:53,codecarbon,a7b12338-dffa-4110-8deb-cf60ec7252af,86.54439311099122,0.0004957868227797,5.728699514293169e-06,42.5,0.0,11.64010763168335,0.0010216594582349,0.0,0.0002797890856152,0.0013014485438501,Germany,DEU,north rhine-westphalia,,,Linux-6.2.0-26-generic-x86_64-with-glibc2.35,3.11.5,2.6.0,16.0,12th Gen Intel(R) Core(TM) i7-1260P,,,8.7267,51.7178,31.040287017822266,machine,N,1.0
2024-08-12T16:51:37,codecarbon,216331d0-64fe-48de-9079-2b2100a4f4b6,18.4488198590002,0.0001056839590384,5.7284942801830505e-06,42.5,0.0,11.6401104927063,0.0002177840523652,0.0,5.963807399884337e-05,0.0002774221263641,Germany,DEU,north rhine-westphalia,,,Linux-6.2.0-26-generic-x86_64-with-glibc2.35,3.11.5,2.6.0,16.0,12th Gen Intel(R) Core(TM) i7-1260P,,,8.7267,51.7178,31.0402946472168,machine,N,1.0
2024-08-12T16:58:23,codecarbon,1443283f-da30-453e-8a86-9403460cfb14,253.895361375,0.0014544953593348,5.728719703494473e-06,42.5,0.0,11.6401104927063,0.0029972479093972,0.0,0.0008208262718202,0.0038180741812175,Germany,DEU,north rhine-westphalia,,,Linux-6.2.0-26-generic-x86_64-with-glibc2.35,3.11.5,2.6.0,16.0,12th Gen Intel(R) Core(TM) i7-1260P,,,8.7267,51.7178,31.0402946472168,machine,N,1.0
2024-08-12T16:59:24,codecarbon,7e4d1a77-7f40-4669-9649-967c8cfc262d,0.1621655339999961,9.265264204404408e-07,5.713460792725925e-06,42.5,0.0,11.6401104927063,1.9109628694473536e-06,0.0,5.211841851278944e-07,2.432147054575248e-06,Germany,DEU,north rhine-westphalia,,,Linux-6.2.0-26-generic-x86_64-with-glibc2.35,3.11.5,2.6.0,16.0,12th Gen Intel(R) Core(TM) i7-1260P,,,8.7267,51.7178,31.0402946472168,machine,N,1.0
2024-08-12T17:02:41,codecarbon,bcc99247-958f-496d-b8b2-5674e6496616,110.32278209700009,0.0006320034592656,5.728675865969156e-06,42.5,0.0,11.6401104927063,0.001302353013777,0.0,0.0003566664356668,0.0016590194494439,Germany,DEU,north rhine-westphalia,,,Linux-6.2.0-26-generic-x86_64-with-glibc2.35,3.11.5,2.6.0,16.0,12th Gen Intel(R) Core(TM) i7-1260P,,,8.7267,51.7178,31.0402946472168,machine,N,1.0
2024-08-12T17:10:09,codecarbon,b0af354f-4f65-4e7b-81f6-6c39fd6b1efd,261.5063183689999,0.0014980875231455,5.728685763652082e-06,42.5,0.0,11.6401104927063,0.003087082440809,0.0,0.0008454218856,0.0039325043264091,Germany,DEU,north rhine-westphalia,,,Linux-6.2.0-26-generic-x86_64-with-glibc2.35,3.11.5,2.6.0,16.0,12th Gen Intel(R) Core(TM) i7-1260P,,,8.7267,51.7178,31.0402946472168,machine,N,1.0
2024-08-12T17:11:08,codecarbon,a4111237-1c0d-4aac-9372-a82b90b92eea,15.262473892999878,8.742420659133236e-05,5.728049541917933e-06,42.5,0.0,11.6401104927063,0.0001801548032097,0.0,4.933517340488106e-05,0.0002294899766146,Germany,DEU,north rhine-westphalia,,,Linux-6.2.0-26-generic-x86_64-with-glibc2.35,3.11.5,2.6.0,16.0,12th Gen Intel(R) Core(TM) i7-1260P,,,8.7267,51.7178,31.0402946472168,machine,N,1.0
2024-08-12T17:12:53,codecarbon,78d6eb02-beb0-4645-b25e-d3ec8a9e679f,28.188559198999883,0.0001614856250858,5.7287647781439e-06,42.5,0.0,11.6401104927063,0.0003327694384027,0.0,9.113297683768662e-05,0.0004239024152404,Germany,DEU,north rhine-westphalia,,,Linux-6.2.0-26-generic-x86_64-with-glibc2.35,3.11.5,2.6.0,16.0,12th Gen Intel(R) Core(TM) i7-1260P,,,8.7267,51.7178,31.0402946472168,machine,N,1.0
2024-08-12T17:17:38,codecarbon,06b193c8-4a8a-4c0f-9d91-40afb5c44ae6,4.888941330000307,2.8006774770366352e-05,5.728597027439597e-06,42.5,0.0,11.6401104927063,5.771370697291932e-05,0.0,1.580453628831273e-05,7.351824326123205e-05,Germany,DEU,north rhine-westphalia,,,Linux-6.2.0-26-generic-x86_64-with-glibc2.35,3.11.5,2.6.0,16.0,12th Gen Intel(R) Core(TM) i7-1260P,,,8.7267,51.7178,31.0402946472168,machine,N,1.0
2024-08-12T17:20:01,codecarbon,190618a7-fec5-4b64-ad23-0da76f10a917,12.721276522000151,7.28786957019776e-05,5.728882284410791e-06,42.5,0.0,11.6401104927063,0.0001501788120333,0.0,4.112895985793418e-05,0.0001913077718912,Germany,DEU,north rhine-westphalia,,,Linux-6.2.0-26-generic-x86_64-with-glibc2.35,3.11.5,2.6.0,16.0,12th Gen Intel(R) Core(TM) i7-1260P,,,8.7267,51.7178,31.0402946472168,machine,N,1.0
2024-08-12T17:24:55,codecarbon,346d156f-7ded-47ea-bed9-72f609be20f0,249.65848948400023,0.0014302229695226,5.728717547232772e-06,42.5,0.0,11.6401104927063,0.0029472288528298,0.0,0.0008071299069092,0.0037543587597391,Germany,DEU,north rhine-westphalia,,,Linux-6.2.0-26-generic-x86_64-with-glibc2.35,3.11.5,2.6.0,16.0,12th Gen Intel(R) Core(TM) i7-1260P,,,8.7267,51.7178,31.0402946472168,machine,N,1.0
2024-08-12T17:26:41,codecarbon,f94df093-d015-413a-87ac-41d3ac0f8a90,66.04480826700001,0.0003783507884565,5.728698415277986e-06,42.5,0.0,11.6401104927063,0.0007796589900548,0.0,0.0002135180369998,0.0009931770270547,Germany,DEU,north rhine-westphalia,,,Linux-6.2.0-26-generic-x86_64-with-glibc2.35,3.11.5,2.6.0,16.0,12th Gen Intel(R) Core(TM) i7-1260P,,,8.7267,51.7178,31.0402946472168,machine,N,1.0
2024-08-12T17:28:41,codecarbon,8e73c60f-008d-42c8-9792-23e11abc24ec,0.2002807520002534,1.1445421708710555e-06,5.714688802794226e-06,42.5,0.0,11.6401104927063,2.361041694446284e-06,0.0,6.434002818525882e-07,3.0044419762988724e-06,Germany,DEU,north rhine-westphalia,,,Linux-6.2.0-26-generic-x86_64-with-glibc2.35,3.11.5,2.6.0,16.0,12th Gen Intel(R) Core(TM) i7-1260P,,,8.7267,51.7178,31.0402946472168,machine,N,1.0
2024-08-12T17:29:43,codecarbon,f0014382-fa35-4db7-9e12-b2aa202acee5,0.1904890440000599,1.0883767113317035e-06,5.713592175576045e-06,42.5,0.0,11.6401104927063,2.245438140976022e-06,0.0,6.115685825617216e-07,2.857006723537744e-06,Germany,DEU,north rhine-westphalia,,,Linux-6.2.0-26-generic-x86_64-with-glibc2.35,3.11.5,2.6.0,16.0,12th Gen Intel(R) Core(TM) i7-1260P,,,8.7267,51.7178,31.0402946472168,machine,N,1.0
2024-08-13T08:40:17,codecarbon,ee1d0a0e-f379-4bf4-af67-8dfcbb2317eb,0.1795106039999154,1.0255401457114785e-06,5.712978079623426e-06,42.5,0.0,11.6401104927063,2.115928445825451e-06,0.0,5.76131262040354e-07,2.692059707865805e-06,Germany,DEU,,,,Linux-6.2.0-26-generic-x86_64-with-glibc2.35,3.11.5,2.6.0,16.0,12th Gen Intel(R) Core(TM) i7-1260P,,,9.491,51.2993,31.0402946472168,machine,N,1.0
2024-08-13T08:42:29,codecarbon,3acfe374-4985-4214-a39b-d844c665405f,0.1815825559997392,6.479016457830586e-09,3.568083080535494e-08,42.5,0.0,11.6401104927063,2.14107896597208e-06,0.0,5.843819307940882e-07,2.725460896766168e-06,Canada,CAN,quebec,,,Linux-6.2.0-26-generic-x86_64-with-glibc2.35,3.11.5,2.6.0,16.0,12th Gen Intel(R) Core(TM) i7-1260P,,,-71.2,46.8,31.0402946472168,machine,N,1.0
2024-08-13T08:58:00,codecarbon,950c65bd-608c-4d17-acfb-bee023bed40e,0.1696151749993077,9.697545978493398e-07,5.717381111998366e-06,42.5,0.0,11.6401104927063,1.999458222917383e-06,0.0,5.461635065729431e-07,2.5456217294903264e-06,Germany,DEU,,,,Linux-6.2.0-26-generic-x86_64-with-glibc2.35,3.11.5,2.6.0,16.0,12th Gen Intel(R) Core(TM) i7-1260P,,,9.491,51.2993,31.0402946472168,machine,N,1.0
2024-08-13T08:59:09,codecarbon,8d67bbb9-0c11-485f-b1d8-1fee07ff8d74,0.074926977999894,2.660577436475918e-09,3.550893826893274e-08,42.5,0.0,11.6401104927063,8.806906902735692e-07,0.0,2.385069245387091e-07,1.1191976148122782e-06,Canada,CAN,quebec,,,Linux-6.2.0-26-generic-x86_64-with-glibc2.35,3.11.5,2.6.0,16.0,12th Gen Intel(R) Core(TM) i7-1260P,,,-71.2,46.8,31.0402946472168,machine,N,1.0
2024-08-13T09:08:42,codecarbon,98634b27-ffac-4c92-b347-c185281c5b2a,0.1779431220002152,1.0171558212147308e-06,5.716185092073975e-06,42.5,0.0,11.6401104927063,2.097664956252427e-06,0.0,5.72385762253232e-07,2.670050718505659e-06,Germany,DEU,,,,Linux-6.2.0-26-generic-x86_64-with-glibc2.35,3.11.5,2.6.0,16.0,12th Gen Intel(R) Core(TM) i7-1260P,,,9.491,51.2993,31.0402946472168,machine,N,1.0
2024-08-13T09:09:35,codecarbon,b8da1ced-85df-4719-9b38-eead042f23c2,0.0696648510001978,3.958883791980576e-07,5.68275641897136e-06,42.5,0.0,11.6401104927063,8.180257861094257e-07,0.0,2.2118770436979057e-07,1.0392134904792165e-06,Germany,DEU,,,,Linux-6.2.0-26-generic-x86_64-with-glibc2.35,3.11.5,2.6.0,16.0,12th Gen Intel(R) Core(TM) i7-1260P,,,9.491,51.2993,31.0402946472168,machine,N,1.0
2024-08-13T09:13:26,codecarbon,b382ce1d-75af-4336-b73c-5ed5f360cb6a,0.1771103990004121,1.012576680588016e-06,5.717206252726356e-06,42.5,0.0,11.6401104927063,2.088296752087141e-06,0.0,5.697336471463956e-07,2.658030399233537e-06,Germany,DEU,,,,Linux-6.2.0-26-generic-x86_64-with-glibc2.35,3.11.5,2.6.0,16.0,12th Gen Intel(R) Core(TM) i7-1260P,,,9.491,51.2993,31.0402946472168,machine,N,1.0
2024-08-13T09:13:56,codecarbon,6440ad13-b779-4008-bbdd-133310b78c2d,0.074683217000711,4.243820114784383e-07,5.682428107969666e-06,42.5,0.0,11.6401104927063,8.774751993074562e-07,0.0,2.3653454338433586e-07,1.1140097426917922e-06,Germany,DEU,,,,Linux-6.2.0-26-generic-x86_64-with-glibc2.35,3.11.5,2.6.0,16.0,12th Gen Intel(R) Core(TM) i7-1260P,,,9.491,51.2993,31.0402946472168,machine,N,1.0
2024-08-13T10:28:57,codecarbon,ec375775-d6e0-4587-87ac-d44e908f36f0,0.192114669998773,1.0972413960048851e-06,5.711387870649821e-06,42.5,0.0,11.6401104927063,2.263777138878393e-06,0.0,6.16499527363595e-07,2.880276666241988e-06,Germany,DEU,,,,Linux-6.2.0-26-generic-x86_64-with-glibc2.35,3.11.5,2.6.0,16.0,12th Gen Intel(R) Core(TM) i7-1260P,,,9.491,51.2993,31.0402946472168,machine,N,1.0
2024-08-13T10:28:59,codecarbon,64ef89b2-9de8-4216-9e26-ba2097b1f51f,0.0634304630002589,3.601915129404612e-07,5.678525678410877e-06,42.5,0.0,11.6401104927063,7.445427666804487e-07,0.0,2.00965864217205e-07,9.455086308976536e-07,Germany,DEU,,,,Linux-6.2.0-26-generic-x86_64-with-glibc2.35,3.11.5,2.6.0,16.0,12th Gen Intel(R) Core(TM) i7-1260P,,,9.491,51.2993,31.0402946472168,machine,N,1.0
2024-08-13T10:29:01,codecarbon,64b1f98f-311a-404d-bb0d-0f50f9228084,2.3992356449998624,1.3742986628936909e-05,5.728068711207271e-06,42.5,0.0,11.6401104927063,2.8321133909025777e-05,0.0,7.754431464217186e-06,3.607556537324296e-05,Germany,DEU,,,,Linux-6.2.0-26-generic-x86_64-with-glibc2.35,3.11.5,2.6.0,16.0,12th Gen Intel(R) Core(TM) i7-1260P,,,9.491,51.2993,31.0402946472168,machine,N,1.0
2024-08-13T10:39:45,codecarbon,1553cf7f-8539-4e6e-8626-172ad4dad04f,0.0705408069989061,3.998750170241465e-07,5.668704882130807e-06,42.5,0.0,11.6401104927063,8.274147090257126e-07,0.0,2.22263771153173e-07,1.0496784801788857e-06,Germany,DEU,,,,Linux-6.2.0-26-generic-x86_64-with-glibc2.35,3.11.5,2.6.0,16.0,12th Gen Intel(R) Core(TM) i7-1260P,,,9.491,51.2993,31.0402946472168,machine,N,1.0
2024-08-13T10:39:48,codecarbon,733725aa-dd19-4f59-bc31-20267254df7b,1.1367367559996635,6.510262857401798e-06,5.727150831571883e-06,42.5,0.0,11.6401104927063,1.341665865971638e-05,0.0,3.6728881506309057e-06,1.7089546810347285e-05,Germany,DEU,,,,Linux-6.2.0-26-generic-x86_64-with-glibc2.35,3.11.5,2.6.0,16.0,12th Gen Intel(R) Core(TM) i7-1260P,,,9.491,51.2993,31.0402946472168,machine,N,1.0
2024-08-13T10:39:49,codecarbon,02408542-1936-4738-bc2b-25dbabf0029e,1.0792565020001348,3.856160220898576e-08,3.572978447433152e-08,42.5,0.0,11.6401104927063,1.2736382728478982e-05,0.0,3.4849279629331697e-06,1.6221310691412152e-05,Canada,CAN,quebec,,,Linux-6.2.0-26-generic-x86_64-with-glibc2.35,3.11.5,2.6.0,16.0,12th Gen Intel(R) Core(TM) i7-1260P,,,-71.2,46.8,31.0402946472168,machine,N,1.0
2024-08-13T10:51:47,codecarbon,63d62d3a-6dd6-4ce1-accf-aab496d5f4ec,0.2498514839990093,1.428366760377068e-06,5.716863224165326e-06,42.5,0.0,11.6401104927063,2.9455167111084145e-06,0.0,8.039694691700157e-07,3.74948618027843e-06,Germany,DEU,,,,Linux-6.2.0-26-generic-x86_64-with-glibc2.35,3.11.5,2.6.0,16.0,12th Gen Intel(R) Core(TM) i7-1260P,,,9.491,51.2993,31.0402946472168,machine,N,1.0
2024-08-13T10:51:49,codecarbon,28e6f060-8335-4202-a49b-cad0345cfe14,1.2335800970013224,7.0640585951743495e-06,5.726469332916593e-06,42.5,0.0,11.6401104927063,1.4558952622225103e-05,0.0,3.9843170855432346e-06,1.854326970776834e-05,Germany,DEU,,,,Linux-6.2.0-26-generic-x86_64-with-glibc2.35,3.11.5,2.6.0,16.0,12th Gen Intel(R) Core(TM) i7-1260P,,,9.491,51.2993,31.0402946472168,machine,N,1.0
2024-08-13T10:51:50,codecarbon,4b6ce6c9-8372-46b2-9902-f51eac73aef4,1.3851213409998309,7.930274548779948e-06,5.725328398344933e-06,42.5,0.0,11.6401104927063,1.6344288549296634e-05,0.0,4.472812248130709e-06,2.0817100797427345e-05,Germany,DEU,,,,Linux-6.2.0-26-generic-x86_64-with-glibc2.35,3.11.5,2.6.0,16.0,12th Gen Intel(R) Core(TM) i7-1260P,,,9.491,51.2993,31.0402946472168,machine,N,1.0
2024-08-13T10:56:52,codecarbon,e0e7a548-f1a7-4fd4-bbda-28a7d50dcd87,0.5848862140010169,3.336270635674378e-06,5.704136216259967e-06,42.5,0.0,11.6401104927063,6.880375952793354e-06,0.0,1.8773892018841047e-06,8.75776515467746e-06,Germany,DEU,,,,Linux-6.2.0-26-generic-x86_64-with-glibc2.35,3.11.5,2.6.0,16.0,12th Gen Intel(R) Core(TM) i7-1260P,,,9.491,51.2993,31.0402946472168,machine,N,1.0
2024-08-13T10:56:55,codecarbon,023f8f6b-bcba-451b-aca0-a26ac2e641e5,2.6230701790009334,1.5023321135094228e-05,5.7273805540407855e-06,42.5,0.0,11.6401104927063,3.0960653949318845e-05,0.0,8.475810508206365e-06,3.943646445752521e-05,Germany,DEU,,,,Linux-6.2.0-26-generic-x86_64-with-glibc2.35,3.11.5,2.6.0,16.0,12th Gen Intel(R) Core(TM) i7-1260P,,,9.491,51.2993,31.0402946472168,machine,N,1.0
2024-08-13T10:56:56,codecarbon,add9d560-5862-49ee-982e-18a27547e355,2.1799205869992875,1.2485926509728574e-05,5.727697873121034e-06,42.5,0.0,11.6401104927063,2.573066265834112e-05,0.0,7.0450992782084944e-06,3.277576193654961e-05,Germany,DEU,,,,Linux-6.2.0-26-generic-x86_64-with-glibc2.35,3.11.5,2.6.0,16.0,12th Gen Intel(R) Core(TM) i7-1260P,,,9.491,51.2993,31.0402946472168,machine,N,1.0
2024-08-13T10:58:22,codecarbon,c16b7a05-d976-4b70-b149-094c4ade96d9,3.555747497999618,2.0362155352142428e-05,5.726547051948347e-06,42.5,0.0,11.6401104927063,4.196407661735925e-05,0.0,1.14869152507138e-05,5.345099186807305e-05,Germany,DEU,,,,Linux-6.2.0-26-generic-x86_64-with-glibc2.35,3.11.5,2.6.0,16.0,12th Gen Intel(R) Core(TM) i7-1260P,,,9.491,51.2993,31.0402946472168,machine,N,1.0
2024-08-13T10:58:23,codecarbon,00a02563-1a43-4400-a046-23aa2b7f1d4d,2.727441200999237,1.561524536645649e-05,5.725236298672771e-06,42.5,0.0,11.6401104927063,3.218299310833067e-05,0.0,8.807282167838098e-06,4.099027527616877e-05,Germany,DEU,,,,Linux-6.2.0-26-generic-x86_64-with-glibc2.35,3.11.5,2.6.0,16.0,12th Gen Intel(R) Core(TM) i7-1260P,,,9.491,51.2993,31.0402946472168,machine,N,1.0
2024-08-13T10:58:23,codecarbon,0e279965-aa67-428d-b6ea-1ceea51f6d21,2.791941839001084,1.5988015169719058e-05,5.7264857549609054e-06,42.5,0.0,11.6401104927063,3.2950119406950766e-05,0.0,9.018682718575044e-06,4.1968802125525806e-05,Germany,DEU,,,,Linux-6.2.0-26-generic-x86_64-with-glibc2.35,3.11.5,2.6.0,16.0,12th Gen Intel(R) Core(TM) i7-1260P,,,9.491,51.2993,31.0402946472168,machine,N,1.0
2024-08-13T10:58:26,codecarbon,0bf9b855-221e-4b69-9539-2fb368544ca2,0.1682677980006701,9.48743460766746e-07,5.638294861165103e-06,42.5,0.0,11.6401104927063,1.961839831949419e-06,0.0,5.286273179829762e-07,2.4904671499323955e-06,Germany,DEU,,,,Linux-6.2.0-26-generic-x86_64-with-glibc2.35,3.11.5,2.6.0,16.0,12th Gen Intel(R) Core(TM) i7-1260P,,,9.491,51.2993,31.0402946472168,machine,N,1.0
2024-08-13T10:58:27,codecarbon,6396fe14-e70c-40bd-8b93-9d46cd506702,3.3510628069998347,1.918931722126909e-05,5.726337680447433e-06,42.5,0.0,11.6401104927063,3.954808790069693e-05,0.0,1.0824184631837776e-05,5.037227253253471e-05,Germany,DEU,,,,Linux-6.2.0-26-generic-x86_64-with-glibc2.35,3.11.5,2.6.0,16.0,12th Gen Intel(R) Core(TM) i7-1260P,,,9.491,51.2993,31.0402946472168,machine,N,1.0
2024-08-13T10:58:28,codecarbon,a64c8059-dfb4-457e-b6ec-2d6333a66d1c,4.890091139001015,2.80062762875838e-05,5.7271481229090405e-06,42.5,0.0,11.6401104927063,5.771661300487697e-05,0.0,1.5800321730872586e-05,7.351693473574956e-05,Germany,DEU,,,,Linux-6.2.0-26-generic-x86_64-with-glibc2.35,3.11.5,2.6.0,16.0,12th Gen Intel(R) Core(TM) i7-1260P,,,9.491,51.2993,31.0402946472168,machine,N,1.0
2024-08-13T10:58:28,codecarbon,42bcbe70-67ee-4c85-8e4a-1053ff90a3cb,5.52977629400084,3.167244985625649e-05,5.727618654414175e-06,42.5,0.0,11.6401104927063,6.527041001668169e-05,0.0,1.787029048536973e-05,8.314070050205142e-05,Germany,DEU,,,,Linux-6.2.0-26-generic-x86_64-with-glibc2.35,3.11.5,2.6.0,16.0,12th Gen Intel(R) Core(TM) i7-1260P,,,9.491,51.2993,31.0402946472168,machine,N,1.0
2024-08-13T10:58:29,codecarbon,3abb47d2-35b1-4151-b036-52c27f12617a,0.3301219219993072,1.885364816641967e-06,5.711116684477329e-06,42.5,0.0,11.6401104927063,3.888713225686994e-06,0.0,1.060400349958017e-06,4.949113575645011e-06,Germany,DEU,,,,Linux-6.2.0-26-generic-x86_64-with-glibc2.35,3.11.5,2.6.0,16.0,12th Gen Intel(R) Core(TM) i7-1260P,,,9.491,51.2993,31.0402946472168,machine,N,1.0
2024-08-13T10:58:29,codecarbon,fae64d1e-fc91-4685-a3ba-67661cd0fd3b,4.352403368999148,2.4930322000829124e-05,5.72794382487622e-06,42.5,0.0,11.6401104927063,5.13748181604102e-05,0.0,1.4067686107417926e-05,6.544250426782812e-05,Germany,DEU,,,,Linux-6.2.0-26-generic-x86_64-with-glibc2.35,3.11.5,2.6.0,16.0,12th Gen Intel(R) Core(TM) i7-1260P,,,9.491,51.2993,31.0402946472168,machine,N,1.0
2024-08-13T10:58:30,codecarbon,25f18cf2-111f-4150-b4fe-32f994008bb1,1.3126844199996412,7.517228564358892e-06,5.7266075911535125e-06,42.5,0.0,11.6401104927063,1.5492712802773037e-05,0.0,4.240135508971002e-06,1.973284831174404e-05,Germany,DEU,,,,Linux-6.2.0-26-generic-x86_64-with-glibc2.35,3.11.5,2.6.0,16.0,12th Gen Intel(R) Core(TM) i7-1260P,,,9.491,51.2993,31.0402946472168,machine,N,1.0
2024-08-13T10:58:32,codecarbon,0095aa30-f995-4660-ad60-50a4c4a2229a,0.089710988000661,5.110619315950871e-07,5.696759594168346e-06,42.5,0.0,11.6401104927063,1.0553595277681578e-06,0.0,2.861864273311649e-07,1.3415459550993228e-06,Germany,DEU,,,,Linux-6.2.0-26-generic-x86_64-with-glibc2.35,3.11.5,2.6.0,16.0,12th Gen Intel(R) Core(TM) i7-1260P,,,9.491,51.2993,31.0402946472168,machine,N,1.0
2024-08-13T10:58:32,codecarbon,a5169db4-9952-48cd-879f-3642e484bed2,0.2848602700014453,1.6257439694236468e-06,5.707162916806188e-06,42.5,0.0,11.6401104927063,3.3538641604284045e-06,0.0,9.137404318373704e-07,4.267604592265775e-06,Germany,DEU,,,,Linux-6.2.0-26-generic-x86_64-with-glibc2.35,3.11.5,2.6.0,16.0,12th Gen Intel(R) Core(TM) i7-1260P,,,9.491,51.2993,31.0402946472168,machine,N,1.0
2024-08-13T10:58:33,codecarbon,1f8546f4-b647-4a04-8e66-5a8eda32636e,1.3344268420005392,7.637514068908352e-06,5.723441576953281e-06,42.5,0.0,11.6401104927063,1.574199445139786e-05,0.0,4.306605283234905e-06,2.0048599734632767e-05,Germany,DEU,,,,Linux-6.2.0-26-generic-x86_64-with-glibc2.35,3.11.5,2.6.0,16.0,12th Gen Intel(R) Core(TM) i7-1260P,,,9.491,51.2993,31.0402946472168,machine,N,1.0
2024-08-13T10:58:35,codecarbon,de4ce12d-9bd7-401d-9ba0-ae7c2c2a9d32,3.4051265139987663,1.9506388634941648e-05,5.7285356519792185e-06,42.5,0.0,11.6401104927063,4.019671421180091e-05,0.0,1.100787598360963e-05,5.120459019541054e-05,Germany,DEU,,,,Linux-6.2.0-26-generic-x86_64-with-glibc2.35,3.11.5,2.6.0,16.0,12th Gen Intel(R) Core(TM) i7-1260P,,,9.491,51.2993,31.0402946472168,machine,N,1.0
2024-08-13T10:58:44,codecarbon,32a23e93-2d2c-498d-a920-492059829e38,16.43404803299927,9.4144867023584e-05,5.728647429686393e-06,42.5,0.0,11.6401104927063,0.0001940041239819,0.0,5.312769652886215e-05,0.0002471318205107,Germany,DEU,,,,Linux-6.2.0-26-generic-x86_64-with-glibc2.35,3.11.5,2.6.0,16.0,12th Gen Intel(R) Core(TM) i7-1260P,,,9.491,51.2993,31.0402946472168,machine,N,1.0
2024-08-13T15:25:21,codecarbon,1e4d71c6-8bac-4276-860b-87654b3384d6,1.935183673998836,1.1032838629209466e-05,5.701184222173272e-06,42.5,0.0,11.6401104927063,2.2754414763860748e-05,0.0,6.206967646454167e-06,2.896138241031492e-05,Germany,DEU,bavaria,,,Linux-6.2.0-26-generic-x86_64-with-glibc2.35,3.11.5,2.6.0,16.0,12th Gen Intel(R) Core(TM) i7-1260P,,,11.5534,48.1722,31.0402946472168,machine,N,1.0
2024-08-13T15:25:23,codecarbon,4ca8abd1-182d-48eb-a2e2-7804cbd54ae3,2.479545748999953,1.4152747021081404e-05,5.707798304100445e-06,42.5,0.0,11.6401104927063,2.918441605624796e-05,0.0,7.966777069047751e-06,3.7151193125295714e-05,Germany,DEU,bavaria,,,Linux-6.2.0-26-generic-x86_64-with-glibc2.35,3.11.5,2.6.0,16.0,12th Gen Intel(R) Core(TM) i7-1260P,,,11.5534,48.1722,31.0402946472168,machine,N,1.0
2024-08-13T15:25:24,codecarbon,40642807-a94d-40ef-b312-f9f528b752e8,1.8185295840012257,1.0394348248225336e-05,5.715798268926226e-06,42.5,0.0,11.6401104927063,2.1440891040275446e-05,0.0,5.844443644657842e-06,2.728533468493329e-05,Germany,DEU,bavaria,,,Linux-6.2.0-26-generic-x86_64-with-glibc2.35,3.11.5,2.6.0,16.0,12th Gen Intel(R) Core(TM) i7-1260P,,,11.5534,48.1722,31.0402946472168,machine,N,1.0
2024-08-13T15:25:28,codecarbon,b588d6fb-9213-4623-9128-468ad77173a7,1.083736343000055,6.176285212743285e-06,5.699066246727292e-06,42.5,0.0,11.6401104927063,1.2742434775691436e-05,0.0,3.470415238072273e-06,1.6212850013763708e-05,Germany,DEU,bavaria,,,Linux-6.2.0-26-generic-x86_64-with-glibc2.35,3.11.5,2.6.0,16.0,12th Gen Intel(R) Core(TM) i7-1260P,,,11.5534,48.1722,31.0402946472168,machine,N,1.0
2024-08-13T15:25:30,codecarbon,c87ab208-c0d4-4e50-a5f5-511e2f084c7b,0.5137903620016004,2.915624664989791e-06,5.674736002503505e-06,42.5,0.0,11.6401104927063,6.0298485277649485e-06,0.0,1.6237140525993789e-06,7.653562580364328e-06,Germany,DEU,bavaria,,,Linux-6.2.0-26-generic-x86_64-with-glibc2.35,3.11.5,2.6.0,16.0,12th Gen Intel(R) Core(TM) i7-1260P,,,11.5534,48.1722,31.0402946472168,machine,N,1.0
2024-08-13T15:25:36,codecarbon,77b1589b-f3a0-46db-8c82-b97dbbe62e68,1.0043382759977248,5.73783904320468e-06,5.713054237134021e-06,42.5,0.0,11.6401104927063,1.183636524582552e-05,0.0,3.225556379596924e-06,1.5061921625422445e-05,Germany,DEU,bavaria,,,Linux-6.2.0-26-generic-x86_64-with-glibc2.35,3.11.5,2.6.0,16.0,12th Gen Intel(R) Core(TM) i7-1260P,,,11.5534,48.1722,31.0402946472168,machine,N,1.0
2024-08-13T15:25:38,codecarbon,d1d9a99b-f3e5-4baa-91ee-713439ffca56,6.713115094000386,3.843935349426353e-05,5.726008411298858e-06,42.5,0.0,11.6401104927063,7.921922136459772e-05,0.0,2.168471220742889e-05,0.000100903933572,Germany,DEU,bavaria,,,Linux-6.2.0-26-generic-x86_64-with-glibc2.35,3.11.5,2.6.0,16.0,12th Gen Intel(R) Core(TM) i7-1260P,,,11.5534,48.1722,31.0402946472168,machine,N,1.0
2024-08-13T15:25:45,codecarbon,c0a86b3b-a412-4fd7-a878-9d34751aa3b5,4.939493406000111,2.827758282713546e-05,5.724794124188133e-06,42.5,0.0,11.6401104927063,5.828073582222513e-05,0.0,1.5948383030998287e-05,7.422911885322342e-05,Germany,DEU,bavaria,,,Linux-6.2.0-26-generic-x86_64-with-glibc2.35,3.11.5,2.6.0,16.0,12th Gen Intel(R) Core(TM) i7-1260P,,,11.5534,48.1722,31.0402946472168,machine,N,1.0
2024-08-13T15:25:49,codecarbon,82f5ef20-ff8f-407a-af49-70c98b759e5b,11.35108041499916,6.501544662923841e-05,5.727687960286837e-06,42.5,0.0,11.6401104927063,0.0001339842334646,0.0,3.668238060348241e-05,0.000170666614068,Germany,DEU,bavaria,,,Linux-6.2.0-26-generic-x86_64-with-glibc2.35,3.11.5,2.6.0,16.0,12th Gen Intel(R) Core(TM) i7-1260P,,,11.5534,48.1722,31.0402946472168,machine,N,1.0
2024-08-13T15:26:20,codecarbon,888920d2-e15a-40f6-a38e-c6517320c9db,8.988813806998223,5.147416838349026e-05,5.7264695307644645e-06,42.5,0.0,11.6401104927063,0.0001060806694576,0.0,2.903986705239663e-05,0.00013512053651,Germany,DEU,bavaria,,,Linux-6.2.0-26-generic-x86_64-with-glibc2.35,3.11.5,2.6.0,16.0,12th Gen Intel(R) Core(TM) i7-1260P,,,11.5534,48.1722,31.0402946472168,machine,N,1.0
2024-08-13T15:26:26,codecarbon,ab44b7cc-2270-446d-826c-6c5635dd5394,14.946182969000802,8.560563073919131e-05,5.727591513949887e-06,42.5,0.0,11.6401104927063,0.0001764141751777,0.0,4.8302009988742526e-05,0.0002247161851665,Germany,DEU,bavaria,,,Linux-6.2.0-26-generic-x86_64-with-glibc2.35,3.11.5,2.6.0,16.0,12th Gen Intel(R) Core(TM) i7-1260P,,,11.5534,48.1722,31.0402946472168,machine,N,1.0
2024-08-13T15:26:34,codecarbon,f4ff8b47-fbde-4f67-a509-3613a647dafa,0.3048130850002053,1.7289965502144906e-06,5.672317348887191e-06,42.5,0.0,11.6401104927063,3.573094649305454e-06,0.0,9.655496615345269e-07,4.538644310839981e-06,Germany,DEU,bavaria,,,Linux-6.2.0-26-generic-x86_64-with-glibc2.35,3.11.5,2.6.0,16.0,12th Gen Intel(R) Core(TM) i7-1260P,,,11.5534,48.1722,31.0402946472168,machine,N,1.0
2024-08-13T15:26:57,codecarbon,5d7d3ac1-f942-4157-87d8-ffd3c6d8a4e3,0.9971689940030046,5.697965876214899e-06,5.71414264831998e-06,42.5,0.0,11.6401104927063,1.1749155375708953e-05,0.0,3.208098532192084e-06,1.4957253907901034e-05,Germany,DEU,bavaria,,,Linux-6.2.0-26-generic-x86_64-with-glibc2.35,3.11.5,2.6.0,16.0,12th Gen Intel(R) Core(TM) i7-1260P,,,11.5534,48.1722,31.0402946472168,machine,N,1.0
2024-08-13T15:27:14,codecarbon,7d42de8a-3720-4455-8c79-00b004134b98,8.567051362999337,4.906900267586824e-05,5.727641938484785e-06,42.5,0.0,11.6401104927063,0.0001011208758951,0.0,2.7686061172358403e-05,0.0001288069370675,Germany,DEU,bavaria,,,Linux-6.2.0-26-generic-x86_64-with-glibc2.35,3.11.5,2.6.0,16.0,12th Gen Intel(R) Core(TM) i7-1260P,,,11.5534,48.1722,31.0402946472168,machine,N,1.0
2024-08-13T15:27:20,codecarbon,dc8fa8cc-ad2f-4c88-936d-36ee984ecd35,3.825179925999692,2.190123905386232e-05,5.725544805095288e-06,42.5,0.0,11.6401104927063,4.513801716945587e-05,0.0,1.2353094666381674e-05,5.749111183583754e-05,Germany,DEU,bavaria,,,Linux-6.2.0-26-generic-x86_64-with-glibc2.35,3.11.5,2.6.0,16.0,12th Gen Intel(R) Core(TM) i7-1260P,,,11.5534,48.1722,31.0402946472168,machine,N,1.0
2024-08-13T15:27:28,codecarbon,e951d74f-82eb-4d3a-8574-0cc5d530ac0a,7.86054562299978,4.502168788428219e-05,5.727552519070654e-06,42.5,0.0,11.6401104927063,9.278012744446694e-05,0.0,2.540254189345716e-05,0.0001181826693379,Germany,DEU,bavaria,,,Linux-6.2.0-26-generic-x86_64-with-glibc2.35,3.11.5,2.6.0,16.0,12th Gen Intel(R) Core(TM) i7-1260P,,,11.5534,48.1722,31.0402946472168,machine,N,1.0
2024-08-13T15:27:39,codecarbon,91fc1cbc-7bb8-4744-9dba-d2d6fcd48c16,56.326385861000745,0.0003226591541444,5.728383762109112e-06,42.5,0.0,11.6401104927063,0.000664908572929,0.0,0.0001820770003599,0.000846985573289,Germany,DEU,bavaria,,,Linux-6.2.0-26-generic-x86_64-with-glibc2.35,3.11.5,2.6.0,16.0,12th Gen Intel(R) Core(TM) i7-1260P,,,11.5534,48.1722,31.0402946472168,machine,N,1.0
2024-08-13T15:27:55,codecarbon,ddcb06f3-dd07-4d78-94e6-758c1a5870b3,0.1163926319968595,6.627697292243302e-07,5.694258458234819e-06,42.5,0.0,11.6401104927063,1.3685160437489683e-06,0.0,3.712653690987284e-07,1.739781412847697e-06,Germany,DEU,bavaria,,,Linux-6.2.0-26-generic-x86_64-with-glibc2.35,3.11.5,2.6.0,16.0,12th Gen Intel(R) Core(TM) i7-1260P,,,11.5534,48.1722,31.0402946472168,machine,N,1.0
2024-08-13T15:28:03,codecarbon,37c3f5d3-46c0-4a12-8293-a84e9e31ef3a,0.2248971949993574,1.2851292292311422e-06,5.714296388778055e-06,42.5,0.0,11.6401104927063,2.650374658325442e-06,0.0,7.231106526894998e-07,3.373485311014942e-06,Germany,DEU,bavaria,,,Linux-6.2.0-26-generic-x86_64-with-glibc2.35,3.11.5,2.6.0,16.0,12th Gen Intel(R) Core(TM) i7-1260P,,,11.5534,48.1722,31.0402946472168,machine,N,1.0
2024-08-13T15:28:23,codecarbon,c2659fe0-75ff-4c32-b52e-41a1587d34bf,40.03893644699929,0.0002293744660624,5.728785188040319e-06,42.5,0.0,11.6401104927063,0.0004726649344749,0.0,0.0001294468021373,0.0006021117366123,Germany,DEU,bavaria,,,Linux-6.2.0-26-generic-x86_64-with-glibc2.35,3.11.5,2.6.0,16.0,12th Gen Intel(R) Core(TM) i7-1260P,,,11.5534,48.1722,31.0402946472168,machine,N,1.0
2024-08-13T16:15:56,codecarbon,44e30c6d-66ad-4ac9-a39c-16e62b86afc3,0.4332049780023226,2.44125066811942e-06,5.635324597092538e-06,42.5,0.0,11.6401104927063,5.052120137528012e-06,0.0,1.3562029183045651e-06,6.408323055832577e-06,Germany,DEU,bavaria,,,Linux-6.2.0-26-generic-x86_64-with-glibc2.35,3.11.5,2.6.0,16.0,12th Gen Intel(R) Core(TM) i7-1260P,,,11.5534,48.1722,31.0402946472168,machine,N,1.0
2024-08-13T16:15:57,codecarbon,40e7c332-5115-4e1a-9b00-b9ad5c5500a1,0.4362912060023518,2.460556445408333e-06,5.639711301893785e-06,42.5,0.0,11.6401104927063,5.086429266000576e-06,0.0,1.3725717719527854e-06,6.459001037953362e-06,Germany,DEU,bavaria,,,Linux-6.2.0-26-generic-x86_64-with-glibc2.35,3.11.5,2.6.0,16.0,12th Gen Intel(R) Core(TM) i7-1260P,,,11.5534,48.1722,31.0402946472168,machine,N,1.0
2024-08-13T16:15:59,codecarbon,1b354a80-5632-4e60-b447-f997a2d6d7d4,0.4052554260015313,2.295196905975561e-06,5.6635809386223706e-06,42.5,0.0,11.6401104927063,4.745084117366282e-06,0.0,1.279845416629154e-06,6.0249295339954365e-06,Germany,DEU,bavaria,,,Linux-6.2.0-26-generic-x86_64-with-glibc2.35,3.11.5,2.6.0,16.0,12th Gen Intel(R) Core(TM) i7-1260P,,,11.5534,48.1722,31.0402946472168,machine,N,1.0
2024-08-13T16:16:01,codecarbon,3d7fe632-94c7-4e14-b450-0d31cbc1d727,0.6070557749990257,3.4453580929148105e-06,5.675521483870803e-06,42.5,0.0,11.6401104927063,7.11924163052168e-06,0.0,1.924879889139196e-06,9.044121519660876e-06,Germany,DEU,bavaria,,,Linux-6.2.0-26-generic-x86_64-with-glibc2.35,3.11.5,2.6.0,16.0,12th Gen Intel(R) Core(TM) i7-1260P,,,11.5534,48.1722,31.0402946472168,machine,N,1.0
2024-08-13T16:16:03,codecarbon,d29daebe-f507-4d5e-b025-58681098fce7,0.4417744510028569,2.504947841105827e-06,5.670196262865432e-06,42.5,0.0,11.6401104927063,5.177246618781182e-06,0.0,1.3982825611789897e-06,6.575529179960171e-06,Germany,DEU,bavaria,,,Linux-6.2.0-26-generic-x86_64-with-glibc2.35,3.11.5,2.6.0,16.0,12th Gen Intel(R) Core(TM) i7-1260P,,,11.5534,48.1722,31.0402946472168,machine,N,1.0
2024-08-13T16:16:15,codecarbon,92c71d8e-6219-40f2-b2d9-a011d9e6a459,1.0803739780021715,6.134670943720199e-06,5.678284620538934e-06,42.5,0.0,11.6401104927063,1.2661981579165311e-05,0.0,3.441630295674427e-06,1.610361187483974e-05,Germany,DEU,bavaria,,,Linux-6.2.0-26-generic-x86_64-with-glibc2.35,3.11.5,2.6.0,16.0,12th Gen Intel(R) Core(TM) i7-1260P,,,11.5534,48.1722,31.0402946472168,machine,N,1.0
2024-08-13T16:16:19,codecarbon,19a6388d-198d-484f-9a4a-c0755214a568,0.485726598999463,2.743830903059572e-06,5.648920418835463e-06,42.5,0.0,11.6401104927063,5.681936161110773e-06,0.0,1.520664975677707e-06,7.20260113678848e-06,Germany,DEU,bavaria,,,Linux-6.2.0-26-generic-x86_64-with-glibc2.35,3.11.5,2.6.0,16.0,12th Gen Intel(R) Core(TM) i7-1260P,,,11.5534,48.1722,31.0402946472168,machine,N,1.0
2024-08-13T16:16:23,codecarbon,1146eac5-d914-43fb-bb37-5715f3eddfe0,0.7453778980016068,4.170898188014795e-06,5.595682672101184e-06,42.5,0.0,11.6401104927063,8.652460155566486e-06,0.0,2.2962160171984307e-06,1.0948676172764916e-05,Germany,DEU,bavaria,,,Linux-6.2.0-26-generic-x86_64-with-glibc2.35,3.11.5,2.6.0,16.0,12th Gen Intel(R) Core(TM) i7-1260P,,,11.5534,48.1722,31.0402946472168,machine,N,1.0
2024-08-13T16:16:23,codecarbon,5c21f184-f549-46a9-9e47-bf2e5a02e272,0.6027096940015326,3.420892441860809e-06,5.67585435559978e-06,42.5,0.0,11.6401104927063,7.066222313907626e-06,0.0,1.913676470344399e-06,8.979898784252025e-06,Germany,DEU,bavaria,,,Linux-6.2.0-26-generic-x86_64-with-glibc2.35,3.11.5,2.6.0,16.0,12th Gen Intel(R) Core(TM) i7-1260P,,,11.5534,48.1722,31.0402946472168,machine,N,1.0
2024-08-13T16:16:26,codecarbon,e10668c5-102f-4b3b-aa6b-b058c9ba4eed,0.7763868469992303,4.410049269366718e-06,5.680221511237284e-06,42.5,0.0,11.6401104927063,9.110073179868375e-06,0.0,2.466378505042289e-06,1.1576451684910664e-05,Germany,DEU,bavaria,,,Linux-6.2.0-26-generic-x86_64-with-glibc2.35,3.11.5,2.6.0,16.0,12th Gen Intel(R) Core(TM) i7-1260P,,,11.5534,48.1722,31.0402946472168,machine,N,1.0
2024-08-13T16:16:27,codecarbon,a41811d7-5424-4db0-b80f-b121d95aa99a,0.9423721749990364,5.367017850827824e-06,5.69522105301264e-06,42.5,0.0,11.6401104927063,1.107665682640244e-05,0.0,3.011853085207544e-06,1.4088509911609984e-05,Germany,DEU,bavaria,,,Linux-6.2.0-26-generic-x86_64-with-glibc2.35,3.11.5,2.6.0,16.0,12th Gen Intel(R) Core(TM) i7-1260P,,,11.5534,48.1722,31.0402946472168,machine,N,1.0
2024-08-13T16:16:28,codecarbon,ed8cc94a-8627-4a6b-a0be-fe03ec35ca64,0.0993672250006056,5.428500521127678e-07,5.463069458862909e-06,42.5,0.0,11.6401104927063,1.1312801347306352e-06,0.0,2.937101582547116e-07,1.4249902929853467e-06,Germany,DEU,bavaria,,,Linux-6.2.0-26-generic-x86_64-with-glibc2.35,3.11.5,2.6.0,16.0,12th Gen Intel(R) Core(TM) i7-1260P,,,11.5534,48.1722,31.0402946472168,machine,N,1.0
2024-08-13T16:16:30,codecarbon,56daccdd-e58b-4df2-a715-9921eaaf0d99,0.2220411630005401,1.2494389885206782e-06,5.62706018846442e-06,42.5,0.0,11.6401104927063,2.590131604867768e-06,0.0,6.896662387355347e-07,3.2797978436033024e-06,Germany,DEU,bavaria,,,Linux-6.2.0-26-generic-x86_64-with-glibc2.35,3.11.5,2.6.0,16.0,12th Gen Intel(R) Core(TM) i7-1260P,,,11.5534,48.1722,31.0402946472168,machine,N,1.0
2024-08-13T16:16:31,codecarbon,6d9b6f22-b4e8-41a0-aafb-48a48b9cb38e,0.0747016160021303,4.203623037152292e-07,5.627218341611799e-06,42.5,0.0,11.6401104927063,8.72594074303379e-07,0.0,2.308638695612468e-07,1.1034579438646255e-06,Germany,DEU,bavaria,,,Linux-6.2.0-26-generic-x86_64-with-glibc2.35,3.11.5,2.6.0,16.0,12th Gen Intel(R) Core(TM) i7-1260P,,,11.5534,48.1722,31.0402946472168,machine,N,1.0
2024-08-13T16:16:32,codecarbon,04eb128e-3190-4a2b-a559-b053c1225276,0.1612627920003433,9.131662577864068e-07,5.662597344739404e-06,42.5,0.0,11.6401104927063,1.891624838200793e-06,0.0,5.054515702160775e-07,2.3970764084168705e-06,Germany,DEU,bavaria,,,Linux-6.2.0-26-generic-x86_64-with-glibc2.35,3.11.5,2.6.0,16.0,12th Gen Intel(R) Core(TM) i7-1260P,,,11.5534,48.1722,31.0402946472168,machine,N,1.0
2024-08-13T16:16:32,codecarbon,6d19641e-9eca-4e8a-af5e-cec2219f4912,0.2569435350014828,1.4634389582300397e-06,5.695566375007622e-06,42.5,0.0,11.6401104927063,3.021944248633999e-06,0.0,8.196070264153242e-07,3.841551275049323e-06,Germany,DEU,bavaria,,,Linux-6.2.0-26-generic-x86_64-with-glibc2.35,3.11.5,2.6.0,16.0,12th Gen Intel(R) Core(TM) i7-1260P,,,11.5534,48.1722,31.0402946472168,machine,N,1.0
2024-08-13T16:16:33,codecarbon,66eae2e6-9447-4747-8369-f0801f42d952,0.2199146530001599,1.250157122929258e-06,5.6847377192657965e-06,42.5,0.0,11.6401104927063,2.58271226181882e-06,0.0,6.989706963889717e-07,3.2816829582077912e-06,Germany,DEU,bavaria,,,Linux-6.2.0-26-generic-x86_64-with-glibc2.35,3.11.5,2.6.0,16.0,12th Gen Intel(R) Core(TM) i7-1260P,,,11.5534,48.1722,31.0402946472168,machine,N,1.0
2024-08-13T16:26:47,codecarbon,a48bdc9d-c7ed-47c3-a1d6-bf0713690322,0.4185574899966013,2.36020090263734e-06,5.638893005251213e-06,42.5,0.0,11.6401104927063,4.877205366627398e-06,0.0,1.318360725083692e-06,6.1955660917110905e-06,Germany,DEU,bavaria,,,Linux-6.2.0-26-generic-x86_64-with-glibc2.35,3.11.5,2.6.0,16.0,12th Gen Intel(R) Core(TM) i7-1260P,,,11.5534,48.1722,31.0402946472168,machine,N,1.0
2024-08-13T16:26:52,codecarbon,49f2a6c9-fcb3-4aef-b80a-bbcc8bd48b16,0.8678200760004984,4.93966583216525e-06,5.692039132040561e-06,42.5,0.0,11.6401104927063,1.0197355803476663e-05,0.0,2.7693480478561875e-06,1.2966703851332851e-05,Germany,DEU,bavaria,,,Linux-6.2.0-26-generic-x86_64-with-glibc2.35,3.11.5,2.6.0,16.0,12th Gen Intel(R) Core(TM) i7-1260P,,,11.5534,48.1722,31.0402946472168,machine,N,1.0
2024-08-13T16:26:57,codecarbon,c6d4e8e2-ef31-4355-8658-3c61a3744c7e,0.4057871020013408,2.295543756143778e-06,5.657015082101335e-06,42.5,0.0,11.6401104927063,4.7470970590261965e-06,0.0,1.278742962351354e-06,6.025840021377551e-06,Germany,DEU,bavaria,,,Linux-6.2.0-26-generic-x86_64-with-glibc2.35,3.11.5,2.6.0,16.0,12th Gen Intel(R) Core(TM) i7-1260P,,,11.5534,48.1722,31.0402946472168,machine,N,1.0
2024-08-13T16:26:59,codecarbon,2a6aa454-822f-409d-a265-76e549e9e10d,1.268036420999124,7.249177031524687e-06,5.71685238016495e-06,42.5,0.0,11.6401104927063,1.494731219163441e-05,0.0,4.081896448671896e-06,1.9029208640306306e-05,Germany,DEU,bavaria,,,Linux-6.2.0-26-generic-x86_64-with-glibc2.35,3.11.5,2.6.0,16.0,12th Gen Intel(R) Core(TM) i7-1260P,,,11.5534,48.1722,31.0402946472168,machine,N,1.0
2024-08-13T16:27:00,codecarbon,6af858ff-5937-4c1d-9fcf-d86c60095bfb,1.7421977829981188,9.918328051556816e-06,5.692997745920977e-06,42.5,0.0,11.6401104927063,2.0460119047915115e-05,0.0,5.57565481100814e-06,2.603577385892325e-05,Germany,DEU,bavaria,,,Linux-6.2.0-26-generic-x86_64-with-glibc2.35,3.11.5,2.6.0,16.0,12th Gen Intel(R) Core(TM) i7-1260P,,,11.5534,48.1722,31.0402946472168,machine,N,1.0
2024-08-13T16:27:04,codecarbon,43c5e194-b23c-4c7a-b932-581d35e4e8c4,0.245313889998215,1.390601091163942e-06,5.6686602261863786e-06,42.5,0.0,11.6401104927063,2.8743530937415726e-06,0.0,7.759975852555185e-07,3.650350678997091e-06,Germany,DEU,bavaria,,,Linux-6.2.0-26-generic-x86_64-with-glibc2.35,3.11.5,2.6.0,16.0,12th Gen Intel(R) Core(TM) i7-1260P,,,11.5534,48.1722,31.0402946472168,machine,N,1.0
2024-08-13T16:27:05,codecarbon,76fdf242-e443-4190-a76e-1c49702904d3,0.6342408809978224,3.570017782248552e-06,5.628804274855328e-06,42.5,0.0,11.6401104927063,7.377048790966809e-06,0.0,1.9943064584059486e-06,9.371355249372758e-06,Germany,DEU,bavaria,,,Linux-6.2.0-26-generic-x86_64-with-glibc2.35,3.11.5,2.6.0,16.0,12th Gen Intel(R) Core(TM) i7-1260P,,,11.5534,48.1722,31.0402946472168,machine,N,1.0
2024-08-13T16:27:06,codecarbon,bf29abd9-99e3-4585-a777-3e0038293ffb,0.3917071399991982,2.0839608382339216e-06,5.320201307124979e-06,42.5,0.0,11.6401104927063,4.310680709030142e-06,0.0,1.159750681530093e-06,5.470431390560235e-06,Germany,DEU,bavaria,,,Linux-6.2.0-26-generic-x86_64-with-glibc2.35,3.11.5,2.6.0,16.0,12th Gen Intel(R) Core(TM) i7-1260P,,,11.5534,48.1722,31.0402946472168,machine,N,1.0
2024-08-13T16:27:13,codecarbon,4db08da1-671f-4d1a-9a72-c3ffe98e8b5c,0.423594302003039,2.4073207037075262e-06,5.683080939295201e-06,42.5,0.0,11.6401104927063,4.97046669378152e-06,0.0,1.3487896488028772e-06,6.319256342584397e-06,Germany,DEU,bavaria,,,Linux-6.2.0-26-generic-x86_64-with-glibc2.35,3.11.5,2.6.0,16.0,12th Gen Intel(R) Core(TM) i7-1260P,,,11.5534,48.1722,31.0402946472168,machine,N,1.0
2024-08-13T16:27:14,codecarbon,9b3303b2-434b-4bcc-b6eb-3db026761f6c,0.8414117800020904,4.776271994571089e-06,5.6764976532171e-06,42.5,0.0,11.6401104927063,9.856107141685142e-06,0.0,2.681685205266135e-06,1.2537792346951275e-05,Germany,DEU,bavaria,,,Linux-6.2.0-26-generic-x86_64-with-glibc2.35,3.11.5,2.6.0,16.0,12th Gen Intel(R) Core(TM) i7-1260P,,,11.5534,48.1722,31.0402946472168,machine,N,1.0
2024-08-13T16:27:14,codecarbon,dfd16e23-0a38-4d25-bdb0-3c26d2fc7cbf,0.6769780159993388,3.870444449334427e-06,5.717238016394032e-06,42.5,0.0,11.6401104927063,7.98172475415413e-06,0.0,2.178255425224863e-06,1.0159980179378993e-05,Germany,DEU,bavaria,,,Linux-6.2.0-26-generic-x86_64-with-glibc2.35,3.11.5,2.6.0,16.0,12th Gen Intel(R) Core(TM) i7-1260P,,,11.5534,48.1722,31.0402946472168,machine,N,1.0
2024-08-13T16:27:16,codecarbon,1ae0013b-aa67-4e45-b47a-8028f8751a91,0.196670303997962,1.1130241492251992e-06,5.659340157610845e-06,42.5,0.0,11.6401104927063,2.3009778493057337e-06,0.0,6.207288030769915e-07,2.9217066523827254e-06,Germany,DEU,bavaria,,,Linux-6.2.0-26-generic-x86_64-with-glibc2.35,3.11.5,2.6.0,16.0,12th Gen Intel(R) Core(TM) i7-1260P,,,11.5534,48.1722,31.0402946472168,machine,N,1.0
2024-08-13T16:27:18,codecarbon,815c192c-13c7-4614-aca1-943d95f58d35,0.090106158000708,5.12411932535574e-07,5.686758196166207e-06,42.5,0.0,11.6401104927063,1.0584457361043555e-06,0.0,2.8664399361233654e-07,1.3450897297166923e-06,Germany,DEU,bavaria,,,Linux-6.2.0-26-generic-x86_64-with-glibc2.35,3.11.5,2.6.0,16.0,12th Gen Intel(R) Core(TM) i7-1260P,,,11.5534,48.1722,31.0402946472168,machine,N,1.0
2024-08-13T16:27:19,codecarbon,a21fb2a3-59b8-4fc9-933f-32e5852d7ba5,0.1579214620032871,9.024828406314324e-07,5.714757381188929e-06,42.5,0.0,11.6401104927063,1.8613686159849547e-06,0.0,5.076636471241991e-07,2.369032263109154e-06,Germany,DEU,bavaria,,,Linux-6.2.0-26-generic-x86_64-with-glibc2.35,3.11.5,2.6.0,16.0,12th Gen Intel(R) Core(TM) i7-1260P,,,11.5534,48.1722,31.0402946472168,machine,N,1.0
2024-08-13T16:27:20,codecarbon,974c50eb-80c5-42a9-8c02-b1a18db8f5aa,0.077899627998704,4.438580140035772e-07,5.697819430035803e-06,42.5,0.0,11.6401104927063,9.16495901373714e-07,0.0,2.4863866747673144e-07,1.1651345688504451e-06,Germany,DEU,bavaria,,,Linux-6.2.0-26-generic-x86_64-with-glibc2.35,3.11.5,2.6.0,16.0,12th Gen Intel(R) Core(TM) i7-1260P,,,11.5534,48.1722,31.0402946472168,machine,N,1.0
2024-08-13T16:27:20,codecarbon,f17edb51-0cca-4bf0-8522-2569c41c7d9d,0.2500534789978701,1.4294801447431668e-06,5.71669768591919e-06,42.5,0.0,11.6401104927063,2.9480922229115296e-06,0.0,8.043166095944864e-07,3.752408832506016e-06,Germany,DEU,bavaria,,,Linux-6.2.0-26-generic-x86_64-with-glibc2.35,3.11.5,2.6.0,16.0,12th Gen Intel(R) Core(TM) i7-1260P,,,11.5534,48.1722,31.0402946472168,machine,N,1.0
2024-08-13T16:34:07,codecarbon,9341b1d2-19e3-4471-b8b5-66126ac8b69d,0.623517964999337,3.5106856895843547e-06,5.630448337744507e-06,42.5,0.0,11.6401104927063,7.242036172194983e-06,0.0,1.973571360511025e-06,9.21560753270601e-06,Germany,DEU,bavaria,,,Linux-6.2.0-26-generic-x86_64-with-glibc2.35,3.11.5,2.6.0,16.0,12th Gen Intel(R) Core(TM) i7-1260P,,,11.5534,48.1722,31.0402946472168,machine,N,1.0
2024-08-13T16:34:08,codecarbon,2ac1596a-fd8f-41ed-a7d0-e86872f566b4,0.7398499409973738,4.135490954216782e-06,5.58963476923689e-06,42.5,0.0,11.6401104927063,8.542831039580456e-06,0.0,2.312900563561114e-06,1.085573160314157e-05,Germany,DEU,bavaria,,,Linux-6.2.0-26-generic-x86_64-with-glibc2.35,3.11.5,2.6.0,16.0,12th Gen Intel(R) Core(TM) i7-1260P,,,11.5534,48.1722,31.0402946472168,machine,N,1.0
2024-08-13T16:34:11,codecarbon,849662c0-b185-45b3-9d10-3826d140a804,0.5138894250012527,2.922139362502326e-06,5.686319313722408e-06,42.5,0.0,11.6401104927063,6.032044845139555e-06,0.0,1.6386189230776005e-06,7.670663768217156e-06,Germany,DEU,bavaria,,,Linux-6.2.0-26-generic-x86_64-with-glibc2.35,3.11.5,2.6.0,16.0,12th Gen Intel(R) Core(TM) i7-1260P,,,11.5534,48.1722,31.0402946472168,machine,N,1.0
2024-08-13T16:34:17,codecarbon,5729ec27-e99c-474b-a0a8-1ed44c7b45bb,1.0511680679992423,5.988321714724287e-06,5.696826128025613e-06,42.5,0.0,11.6401104927063,1.2358096780528488e-05,0.0,3.361345967139937e-06,1.5719442747668426e-05,Germany,DEU,bavaria,,,Linux-6.2.0-26-generic-x86_64-with-glibc2.35,3.11.5,2.6.0,16.0,12th Gen Intel(R) Core(TM) i7-1260P,,,11.5534,48.1722,31.0402946472168,machine,N,1.0
2024-08-13T16:34:18,codecarbon,be96eb92-60a5-4833-b2a7-6bad45242ee3,0.4589520370027458,2.6005493272238177e-06,5.666276903806964e-06,42.5,0.0,11.6401104927063,5.373349386829634e-06,0.0,1.4531352626619466e-06,6.826484649491581e-06,Germany,DEU,bavaria,,,Linux-6.2.0-26-generic-x86_64-with-glibc2.35,3.11.5,2.6.0,16.0,12th Gen Intel(R) Core(TM) i7-1260P,,,11.5534,48.1722,31.0402946472168,machine,N,1.0
2024-08-13T16:34:24,codecarbon,9199feb4-9025-4fe0-8539-831d64dd71db,0.1860516099986853,1.037190327960178e-06,5.574745243900373e-06,42.5,0.0,11.6401104927063,2.145730047926817e-06,0.0,5.76911579478822e-07,2.722641627405639e-06,Germany,DEU,bavaria,,,Linux-6.2.0-26-generic-x86_64-with-glibc2.35,3.11.5,2.6.0,16.0,12th Gen Intel(R) Core(TM) i7-1260P,,,11.5534,48.1722,31.0402946472168,machine,N,1.0
.0,,,,,,,,,,,,,,,,,,,,,,,,,,,,,,
2024-08-13T16:34:24,codecarbon,5c40be65-ab90-485e-aec4-2cef3521a196,1.3761967110003752,7.821801140472103e-06,5.683635978744881e-06,42.5,0.0,11.6401104927063,1.6145789761081787e-05,0.0,4.386566559884487e-06,2.053235632096628e-05,Germany,DEU,bavaria,,,Linux-6.2.0-26-generic-x86_64-with-glibc2.35,3.11.5,2.6.0,16.0,12th Gen Intel(R) Core(TM) i7-1260P,,,11.5534,48.1722,31.0402946472168,machine,N,1.0
2024-08-13T16:34:25,codecarbon,0b61507b-f333-4c9c-ad73-2a4d2be669cb,0.3078866840005503,1.7275774719358212e-06,5.611082134142357e-06,42.5,0.0,11.6401104927063,3.5769522562658394e-06,0.0,9.579669508107352e-07,4.534919207076575e-06,Germany,DEU,bavaria,,,Linux-6.2.0-26-generic-x86_64-with-glibc2.35,3.11.5,2.6.0,16.0,12th Gen Intel(R) Core(TM) i7-1260P,,,11.5534,48.1722,31.0402946472168,machine,N,1.0
2024-08-13T16:34:30,codecarbon,2ff2025c-4611-4578-b757-3aafc3b5eaa1,0.4194410189993505,2.3713564847276165e-06,5.653611300070031e-06,42.5,0.0,11.6401104927063,4.897332870821932e-06,0.0,1.327516806898548e-06,6.224849677720479e-06,Germany,DEU,bavaria,,,Linux-6.2.0-26-generic-x86_64-with-glibc2.35,3.11.5,2.6.0,16.0,12th Gen Intel(R) Core(TM) i7-1260P,,,11.5534,48.1722,31.0402946472168,machine,N,1.0
2024-08-13T16:34:32,codecarbon,ed5b0656-5f1f-429a-a631-eab296cd59e4,1.2923008279976784,7.38159213103431e-06,5.711976631997926e-06,42.5,0.0,11.6401104927063,1.5224164109713458e-05,0.0,4.152636339254412e-06,1.937680044896787e-05,Germany,DEU,bavaria,,,Linux-6.2.0-26-generic-x86_64-with-glibc2.35,3.11.5,2.6.0,16.0,12th Gen Intel(R) Core(TM) i7-1260P,,,11.5534,48.1722,31.0402946472168,machine,N,1.0
2024-08-13T16:34:34,codecarbon,c2748155-fbc4-40bb-9729-e8a9038dca92,0.715964091999922,4.088268416473284e-06,5.71015845927889e-06,42.5,0.0,11.6401104927063,8.431749391689261e-06,0.0,2.300022275126027e-06,1.0731771666815289e-05,Germany,DEU,bavaria,,,Linux-6.2.0-26-generic-x86_64-with-glibc2.35,3.11.5,2.6.0,16.0,12th Gen Intel(R) Core(TM) i7-1260P,,,11.5534,48.1722,31.0402946472168,machine,N,1.0
2024-08-13T16:34:35,codecarbon,e5207c88-f9a7-4b5c-94d1-b450b83d6f41,0.3688876090018311,2.0882157790861944e-06,5.660845547880217e-06,42.5,0.0,11.6401104927063,4.315989891650436e-06,0.0,1.1656107884550745e-06,5.481600680105511e-06,Germany,DEU,bavaria,,,Linux-6.2.0-26-generic-x86_64-with-glibc2.35,3.11.5,2.6.0,16.0,12th Gen Intel(R) Core(TM) i7-1260P,,,11.5534,48.1722,31.0402946472168,machine,N,1.0
2024-08-13T16:34:36,codecarbon,1927f592-5234-45b3-bc68-24440e75ceb3,0.2428033449978102,1.3559974141641583e-06,5.584755902668424e-06,42.5,0.0,11.6401104927063,2.811651674988348e-06,0.0,7.478637841641874e-07,3.5595154591525352e-06,Germany,DEU,bavaria,,,Linux-6.2.0-26-generic-x86_64-with-glibc2.35,3.11.5,2.6.0,16.0,12th Gen Intel(R) Core(TM) i7-1260P,,,11.5534,48.1722,31.0402946472168,machine,N,1.0
2024-08-13T16:34:37,codecarbon,6951c644-4e97-4e05-857d-e0dad4b7c891,0.0895517120006843,5.087813074737911e-07,5.681424688674886e-06,42.5,0.0,11.6401104927063,1.0513746923657487e-06,0.0,2.8418458699844893e-07,1.3355592793641977e-06,Germany,DEU,bavaria,,,Linux-6.2.0-26-generic-x86_64-with-glibc2.35,3.11.5,2.6.0,16.0,12th Gen Intel(R) Core(TM) i7-1260P,,,11.5534,48.1722,31.0402946472168,machine,N,1.0
2024-08-13T16:34:38,codecarbon,d41dcba8-bc57-4bb0-9290-440f909608dc,0.092825987998367,5.271699791415127e-07,5.679120583675192e-06,42.5,0.0,11.6401104927063,1.0891389645924697e-06,0.0,2.946908795905272e-07,1.3838298441829969e-06,Germany,DEU,bavaria,,,Linux-6.2.0-26-generic-x86_64-with-glibc2.35,3.11.5,2.6.0,16.0,12th Gen Intel(R) Core(TM) i7-1260P,,,11.5534,48.1722,31.0402946472168,machine,N,1.0
2024-08-13T16:34:39,codecarbon,fc868b19-0bdf-422f-9113-5e534c704588,0.1944415469988598,1.1107551172978534e-06,5.712540012368686e-06,42.5,0.0,11.6401104927063,2.291135274309555e-06,0.0,6.246151320373495e-07,2.915750406346905e-06,Germany,DEU,bavaria,,,Linux-6.2.0-26-generic-x86_64-with-glibc2.35,3.11.5,2.6.0,16.0,12th Gen Intel(R) Core(TM) i7-1260P,,,11.5534,48.1722,31.0402946472168,machine,N,1.0
2024-08-13T16:34:40,codecarbon,5e440cc6-741d-4da3-add4-af6fdf000750,0.2028843640000559,1.1590277485894143e-06,5.71275048376372e-06,42.5,0.0,11.6401104927063,2.390703070149256e-06,0.0,6.517637853158034e-07,3.042466855465059e-06,Germany,DEU,bavaria,,,Linux-6.2.0-26-generic-x86_64-with-glibc2.35,3.11.5,2.6.0,16.0,12th Gen Intel(R) Core(TM) i7-1260P,,,11.5534,48.1722,31.0402946472168,machine,N,1.0
2024-08-13T16:46:45,codecarbon,a5d4000d-ec95-4d7d-b878-8c75b2acaa6e,0.4539977499989618,2.56844340774555e-06,5.657392371991764e-06,42.5,0.0,11.6401104927063,5.309387040276508e-06,0.0,1.4328190438435877e-06,6.742206084120096e-06,Germany,DEU,bavaria,,,Linux-6.2.0-26-generic-x86_64-with-glibc2.35,3.11.5,2.6.0,16.0,12th Gen Intel(R) Core(TM) i7-1260P,,,11.5534,48.1722,31.0402946472168,machine,N,1.0
2024-08-13T16:46:48,codecarbon,853a2c1a-1e7e-4e38-8717-455835adb4ec,0.514230047003366,2.9284986073687445e-06,5.694919276760145e-06,42.5,0.0,11.6401104927063,6.0440567028055945e-06,0.0,1.643300187517924e-06,7.687356890323519e-06,Germany,DEU,bavaria,,,Linux-6.2.0-26-generic-x86_64-with-glibc2.35,3.11.5,2.6.0,16.0,12th Gen Intel(R) Core(TM) i7-1260P,,,11.5534,48.1722,31.0402946472168,machine,N,1.0
2024-08-13T16:46:49,codecarbon,ff50df5a-8013-4da5-b2f6-d97d32830177,0.395496221997746,2.207572495896613e-06,5.58177897312302e-06,42.5,0.0,11.6401104927063,4.624097667371845e-06,0.0,1.1708163525693875e-06,5.7949140199412335e-06,Germany,DEU,bavaria,,,Linux-6.2.0-26-generic-x86_64-with-glibc2.35,3.11.5,2.6.0,16.0,12th Gen Intel(R) Core(TM) i7-1260P,,,11.5534,48.1722,31.0402946472168,machine,N,1.0
2024-08-13T16:46:50,codecarbon,301c3005-fceb-425d-900a-8115a3fe5f2e,0.8126753479991748,4.588987461762893e-06,5.646765923269463e-06,42.5,0.0,11.6401104927063,9.470438707659116e-06,0.0,2.575728668014576e-06,1.2046167375673693e-05,Germany,DEU,bavaria,,,Linux-6.2.0-26-generic-x86_64-with-glibc2.35,3.11.5,2.6.0,16.0,12th Gen Intel(R) Core(TM) i7-1260P,,,11.5534,48.1722,31.0402946472168,machine,N,1.0
2024-08-13T16:46:56,codecarbon,b89dc2e1-65b2-415c-8298-4ce23c4eaaaa,0.9345081679966823,5.323342559291074e-06,5.696410948127713e-06,42.5,0.0,11.6401104927063,1.0984212691669703e-05,0.0,2.9896488631040792e-06,1.3973861554773783e-05,Germany,DEU,bavaria,,,Linux-6.2.0-26-generic-x86_64-with-glibc2.35,3.11.5,2.6.0,16.0,12th Gen Intel(R) Core(TM) i7-1260P,,,11.5534,48.1722,31.0402946472168,machine,N,1.0
2024-08-13T16:46:56,codecarbon,60d83d21-5b19-4c15-8eed-06f714537859,1.1468020520005666,6.539268704453453e-06,5.702177366221021e-06,42.5,0.0,11.6401104927063,1.3491482011131162e-05,0.0,3.6742056236068695e-06,1.7165687634738032e-05,Germany,DEU,bavaria,,,Linux-6.2.0-26-generic-x86_64-with-glibc2.35,3.11.5,2.6.0,16.0,12th Gen Intel(R) Core(TM) i7-1260P,,,11.5534,48.1722,31.0402946472168,machine,N,1.0
2024-08-13T16:46:56,codecarbon,28dfa6b2-bece-47d6-91ba-b63d85953ea4,0.4621467580000171,2.619968790513329e-06,5.669127274313221e-06,42.5,0.0,11.6401104927063,5.412951193769308e-06,0.0,1.4645098654598008e-06,6.877461059229109e-06,Germany,DEU,bavaria,,,Linux-6.2.0-26-generic-x86_64-with-glibc2.35,3.11.5,2.6.0,16.0,12th Gen Intel(R) Core(TM) i7-1260P,,,11.5534,48.1722,31.0402946472168,machine,N,1.0
2024-08-13T16:46:58,codecarbon,6c5ae253-0f23-497a-932f-f48c584468e9,0.4697322790016187,2.658081645630507e-06,5.658716176116453e-06,42.5,0.0,11.6401104927063,5.4947847666779934e-06,0.0,1.4827231625266444e-06,6.977507929204638e-06,Germany,DEU,bavaria,,,Linux-6.2.0-26-generic-x86_64-with-glibc2.35,3.11.5,2.6.0,16.0,12th Gen Intel(R) Core(TM) i7-1260P,,,11.5534,48.1722,31.0402946472168,machine,N,1.0
2024-08-13T16:46:59,codecarbon,a6773025-93da-4b75-bfaf-001956bf3921,0.4578285860006872,2.6097558250803416e-06,5.700290250282503e-06,42.5,0.0,11.6401104927063,5.385440199989313e-06,0.0,1.4652116574206925e-06,6.850651857410006e-06,Germany,DEU,bavaria,,,Linux-6.2.0-26-generic-x86_64-with-glibc2.35,3.11.5,2.6.0,16.0,12th Gen Intel(R) Core(TM) i7-1260P,,,11.5534,48.1722,31.0402946472168,machine,N,1.0
2024-08-13T16:47:00,codecarbon,099481d9-6851-4fdb-9d02-09a74534fd94,0.4333197560008557,2.458074904826081e-06,5.672658287062329e-06,42.5,0.0,11.6401104927063,5.08004626183265e-06,0.0,1.372440691379269e-06,6.452486953211919e-06,Germany,DEU,bavaria,,,Linux-6.2.0-26-generic-x86_64-with-glibc2.35,3.11.5,2.6.0,16.0,12th Gen Intel(R) Core(TM) i7-1260P,,,11.5534,48.1722,31.0402946472168,machine,N,1.0
2024-08-13T16:47:05,codecarbon,d117c63a-d239-423d-9339-21cc4af1cf74,0.6285439839994069,3.578039522873534e-06,5.692584153151182e-06,42.5,0.0,11.6401104927063,7.383694409716352e-06,0.0,2.0087180404044868e-06,9.39241245012084e-06,Germany,DEU,bavaria,,,Linux-6.2.0-26-generic-x86_64-with-glibc2.35,3.11.5,2.6.0,16.0,12th Gen Intel(R) Core(TM) i7-1260P,,,11.5534,48.1722,31.0402946472168,machine,N,1.0
2024-08-13T16:47:05,codecarbon,1bc1125c-7d01-4a27-9a7f-4f7bee83953a,0.6959048560020165,3.976588184806923e-06,5.714269918523748e-06,42.5,0.0,11.6401104927063,8.200530691697673e-06,0.0,2.2380785347281646e-06,1.043860922642584e-05,Germany,DEU,bavaria,,,Linux-6.2.0-26-generic-x86_64-with-glibc2.35,3.11.5,2.6.0,16.0,12th Gen Intel(R) Core(TM) i7-1260P,,,11.5534,48.1722,31.0402946472168,machine,N,1.0
2024-08-13T16:47:06,codecarbon,3de35914-eca8-4312-89a6-250d7caca41b,0.0978486280000652,5.527974896483355e-07,5.649517023866364e-06,42.5,0.0,11.6401104927063,1.1436613173347929e-06,0.0,3.074411623825861e-07,1.4511024797173786e-06,Germany,DEU,bavaria,,,Linux-6.2.0-26-generic-x86_64-with-glibc2.35,3.11.5,2.6.0,16.0,12th Gen Intel(R) Core(TM) i7-1260P,,,11.5534,48.1722,31.0402946472168,machine,N,1.0
2024-08-13T16:47:06,codecarbon,eea88cd8-2400-4c29-8690-9dbe3ab3a9fe,0.1030805449991021,5.848735119988626e-07,5.673946640502891e-06,42.5,0.0,11.6401104927063,1.208451705537704e-06,0.0,3.268508591003391e-07,1.5353025646380432e-06,Germany,DEU,bavaria,,,Linux-6.2.0-26-generic-x86_64-with-glibc2.35,3.11.5,2.6.0,16.0,12th Gen Intel(R) Core(TM) i7-1260P,,,11.5534,48.1722,31.0402946472168,machine,N,1.0
2024-08-13T16:47:07,codecarbon,a68f9113-15b1-47fd-abfc-1e17c6444e08,0.1811165990002337,1.0299762641040895e-06,5.686813189898517e-06,42.5,0.0,11.6401104927063,2.126680461780476e-06,0.0,5.770241296464555e-07,2.703704591426932e-06,Germany,DEU,bavaria,,,Linux-6.2.0-26-generic-x86_64-with-glibc2.35,3.11.5,2.6.0,16.0,12th Gen Intel(R) Core(TM) i7-1260P,,,11.5534,48.1722,31.0402946472168,machine,N,1.0
2024-08-13T16:47:07,codecarbon,c22b6a7d-0e7b-40d1-9d7d-a7423a6456e3,0.2187698950001504,1.2468451438839842e-06,5.699345167593223e-06,42.5,0.0,11.6401104927063,2.5729624430419387e-06,0.0,7.000265158345125e-07,3.272988958876451e-06,Germany,DEU,bavaria,,,Linux-6.2.0-26-generic-x86_64-with-glibc2.35,3.11.5,2.6.0,16.0,12th Gen Intel(R) Core(TM) i7-1260P,,,11.5534,48.1722,31.0402946472168,machine,N,1.0
2024-08-13T16:47:09,codecarbon,eccc1558-494f-4ac2-8b2e-7f2ec4a86b06,0.1784792709986504,1.0193860811508917e-06,5.711509664103231e-06,42.5,0.0,11.6401104927063,2.1026303729336684e-06,0.0,5.732748144948434e-07,2.675905187428512e-06,Germany,DEU,bavaria,,,Linux-6.2.0-26-generic-x86_64-with-glibc2.35,3.11.5,2.6.0,16.0,12th Gen Intel(R) Core(TM) i7-1260P,,,11.5534,48.1722,31.0402946472168,machine,N,1.0
2024-08-13T16:47:09,codecarbon,88141d37-8d1f-405e-aafb-f52279695dfe,0.2544183469981362,1.4525223493996172e-06,5.709188690744294e-06,42.5,0.0,11.6401104927063,2.9965008326270336e-06,0.0,8.163941651406975e-07,3.812894997767731e-06,Germany,DEU,bavaria,,,Linux-6.2.0-26-generic-x86_64-with-glibc2.35,3.11.5,2.6.0,16.0,12th Gen Intel(R) Core(TM) i7-1260P,,,11.5534,48.1722,31.0402946472168,machine,N,1.0
2024-08-13T16:49:32,codecarbon,90a89de1-2290-471f-a921-ad57dcf2ccaa,0.4233698099997127,2.4059597264637875e-06,5.682879765246889e-06,42.5,0.0,11.6401104927063,4.969187136829431e-06,0.0,1.3464966181614796e-06,6.315683754990911e-06,Germany,DEU,bavaria,,,Linux-6.2.0-26-generic-x86_64-with-glibc2.35,3.11.5,2.6.0,16.0,12th Gen Intel(R) Core(TM) i7-1260P,,,11.5534,48.1722,31.0402946472168,machine,N,1.0
2024-08-13T16:49:37,codecarbon,f902f186-7344-488e-bf06-82c954724e53,0.3728475959978823,2.1168393145554405e-06,5.677492190582512e-06,42.5,0.0,11.6401104927063,4.378426795142332e-06,0.0,1.178311135177764e-06,5.556737930320096e-06,Germany,DEU,bavaria,,,Linux-6.2.0-26-generic-x86_64-with-glibc2.35,3.11.5,2.6.0,16.0,12th Gen Intel(R) Core(TM) i7-1260P,,,11.5534,48.1722,31.0402946472168,machine,N,1.0
2024-08-13T16:49:40,codecarbon,8a2d4d8b-d035-4812-8f2c-e1adcef16a78,0.3244848020003701,1.8058171450009408e-06,5.5651825104550845e-06,42.5,0.0,11.6401104927063,3.7462044333071592e-06,0.0,9.94095199193013e-07,4.740299632500173e-06,Germany,DEU,bavaria,,,Linux-6.2.0-26-generic-x86_64-with-glibc2.35,3.11.5,2.6.0,16.0,12th Gen Intel(R) Core(TM) i7-1260P,,,11.5534,48.1722,31.0402946472168,machine,N,1.0
2024-08-13T16:49:42,codecarbon,4fb478d3-7de5-4286-8864-c308c6f6c047,0.3203133340030035,1.809579846048917e-06,5.649405297726222e-06,42.5,0.0,11.6401104927063,3.7423837069632606e-06,0.0,1.007793077520049e-06,4.75017678448331e-06,Germany,DEU,bavaria,,,Linux-6.2.0-26-generic-x86_64-with-glibc2.35,3.11.5,2.6.0,16.0,12th Gen Intel(R) Core(TM) i7-1260P,,,11.5534,48.1722,31.0402946472168,machine,N,1.0
2024-08-13T16:49:48,codecarbon,cd927b55-dbee-4e62-920e-9f642e42ce4f,1.642013134998706,9.392025173348158e-06,5.7198234125913735e-06,42.5,0.0,11.6401104927063,1.935954170412515e-05,0.0,5.294678464789822e-06,2.465422016891497e-05,Germany,DEU,bavaria,,,Linux-6.2.0-26-generic-x86_64-with-glibc2.35,3.11.5,2.6.0,16.0,12th Gen Intel(R) Core(TM) i7-1260P,,,11.5534,48.1722,31.0402946472168,machine,N,1.0
2024-08-13T16:49:49,codecarbon,83eba88e-2381-44dd-a066-e7c47b56d37d,1.1379882759974862,6.478864705758061e-06,5.693261382749406e-06,42.5,0.0,11.6401104927063,1.3366212151370546e-05,0.0,3.640913995782783e-06,1.700712614715333e-05,Germany,DEU,bavaria,,,Linux-6.2.0-26-generic-x86_64-with-glibc2.35,3.11.5,2.6.0,16.0,12th Gen Intel(R) Core(TM) i7-1260P,,,11.5534,48.1722,31.0402946472168,machine,N,1.0
2024-08-13T16:49:51,codecarbon,6c60d0e8-153e-4740-8438-8975d0a421d7,0.4091700499993749,2.3262768465877343e-06,5.685354650447383e-06,42.5,0.0,11.6401104927063,4.805266088891989e-06,0.0,1.3012487991188622e-06,6.106514888010852e-06,Germany,DEU,bavaria,,,Linux-6.2.0-26-generic-x86_64-with-glibc2.35,3.11.5,2.6.0,16.0,12th Gen Intel(R) Core(TM) i7-1260P,,,11.5534,48.1722,31.0402946472168,machine,N,1.0
2024-08-13T16:49:53,codecarbon,9a0d634f-8ae0-4986-aa4d-a6611a58d5dc,0.2011187320022145,1.1394950186856408e-06,5.66578263168989e-06,42.5,0.0,11.6401104927063,2.357664620858992e-06,0.0,6.33528498147809e-07,2.991193119006801e-06,Germany,DEU,bavaria,,,Linux-6.2.0-26-generic-x86_64-with-glibc2.35,3.11.5,2.6.0,16.0,12th Gen Intel(R) Core(TM) i7-1260P,,,11.5534,48.1722,31.0402946472168,machine,N,1.0
2024-08-13T16:49:55,codecarbon,554639c0-978a-43ed-a04d-babf1373c65d,0.2721620209995308,1.5415326187194458e-06,5.664025469307135e-06,42.5,0.0,11.6401104927063,3.1901179055770024e-06,0.0,8.564305094891362e-07,4.046548415066139e-06,Germany,DEU,bavaria,,,Linux-6.2.0-26-generic-x86_64-with-glibc2.35,3.11.5,2.6.0,16.0,12th Gen Intel(R) Core(TM) i7-1260P,,,11.5534,48.1722,31.0402946472168,machine,N,1.0
2024-08-13T16:49:59,codecarbon,014c570c-84da-423e-aefd-4d41190cd268,0.3571675159982987,2.036687328229812e-06,5.702330802780825e-06,42.5,0.0,11.6401104927063,4.203286774304616e-06,0.0,1.1430508769089608e-06,5.346337651213576e-06,Germany,DEU,bavaria,,,Linux-6.2.0-26-generic-x86_64-with-glibc2.35,3.11.5,2.6.0,16.0,12th Gen Intel(R) Core(TM) i7-1260P,,,11.5534,48.1722,31.0402946472168,machine,N,1.0
2024-08-13T16:50:00,codecarbon,c00623a1-709a-43da-805d-2ab67bdfccd7,0.92846478499996,5.295788129468448e-06,5.703811512322113e-06,42.5,0.0,11.6401104927063,1.0926107175686816e-05,0.0,2.975423548734888e-06,1.3901530724421704e-05,Germany,DEU,bavaria,,,Linux-6.2.0-26-generic-x86_64-with-glibc2.35,3.11.5,2.6.0,16.0,12th Gen Intel(R) Core(TM) i7-1260P,,,11.5534,48.1722,31.0402946472168,machine,N,1.0
2024-08-13T16:50:01,codecarbon,cd2c8633-c50a-431d-9783-b821de442a75,1.0005816820012114,5.701537748327606e-06,5.698223194456505e-06,42.5,0.0,11.6401104927063,1.1766503344445789e-05,0.0,3.200126786352496e-06,1.4966630130798284e-05,Germany,DEU,bavaria,,,Linux-6.2.0-26-generic-x86_64-with-glibc2.35,3.11.5,2.6.0,16.0,12th Gen Intel(R) Core(TM) i7-1260P,,,11.5534,48.1722,31.0402946472168,machine,N,1.0
2024-08-13T16:50:01,codecarbon,10e73a44-f432-4e6a-9610-dcda71aa0ec7,0.3074885290006932,1.732852275602497e-06,5.635502180306018e-06,42.5,0.0,11.6401104927063,3.58520163613068e-06,0.0,9.635640171112072e-07,4.548765653241887e-06,Germany,DEU,bavaria,,,Linux-6.2.0-26-generic-x86_64-with-glibc2.35,3.11.5,2.6.0,16.0,12th Gen Intel(R) Core(TM) i7-1260P,,,11.5534,48.1722,31.0402946472168,machine,N,1.0
2024-08-13T16:50:01,codecarbon,d2744d22-17b1-40a5-b30b-ed4ae4ed9f38,0.4119728940022469,2.3294845736985643e-06,5.6544607851939385e-06,42.5,0.0,11.6401104927063,4.817796363896479e-06,0.0,1.2971388604074044e-06,6.114935224303883e-06,Germany,DEU,bavaria,,,Linux-6.2.0-26-generic-x86_64-with-glibc2.35,3.11.5,2.6.0,16.0,12th Gen Intel(R) Core(TM) i7-1260P,,,11.5534,48.1722,31.0402946472168,machine,N,1.0
2024-08-13T16:50:02,codecarbon,831f9bc4-bb71-4cdb-80a2-982e107585c6,0.2513361749988689,1.4183505263866766e-06,5.643240677125206e-06,42.5,0.0,11.6401104927063,2.9361084624926866e-06,0.0,7.870849392310999e-07,3.7231934017237866e-06,Germany,DEU,bavaria,,,Linux-6.2.0-26-generic-x86_64-with-glibc2.35,3.11.5,2.6.0,16.0,12th Gen Intel(R) Core(TM) i7-1260P,,,11.5534,48.1722,31.0402946472168,machine,N,1.0
2024-08-13T16:50:02,codecarbon,7f1a7926-2a5a-4b4c-be7c-f5a9f341e69e,0.334630544999527,1.88260597617411e-06,5.625923886227334e-06,42.5,0.0,11.6401104927063,3.895816014599203e-06,0.0,1.0460555595551745e-06,4.941871574154377e-06,Germany,DEU,bavaria,,,Linux-6.2.0-26-generic-x86_64-with-glibc2.35,3.11.5,2.6.0,16.0,12th Gen Intel(R) Core(TM) i7-1260P,,,11.5534,48.1722,31.0402946472168,machine,N,1.0
2024-08-13T16:50:05,codecarbon,4b4ebc9e-628d-4af2-8d54-69c4bf53d32e,0.1798042239970527,1.0273606255236092e-06,5.713773584876677e-06,42.5,0.0,11.6401104927063,2.119048642324136e-06,0.0,5.777898549159459e-07,2.6968384972400817e-06,Germany,DEU,bavaria,,,Linux-6.2.0-26-generic-x86_64-with-glibc2.35,3.11.5,2.6.0,16.0,12th Gen Intel(R) Core(TM) i7-1260P,,,11.5534,48.1722,31.0402946472168,machine,N,1.0
2024-08-13T16:50:06,codecarbon,61bcaa0d-58d3-4c90-b1db-65b634ad5418,0.2121639430006325,1.2126914626717418e-06,5.715822611140509e-06,42.5,0.0,11.6401104927063,2.5006368756799526e-06,0.0,6.826981096770279e-07,3.1833349853569806e-06,Germany,DEU,bavaria,,,Linux-6.2.0-26-generic-x86_64-with-glibc2.35,3.11.5,2.6.0,16.0,12th Gen Intel(R) Core(TM) i7-1260P,,,11.5534,48.1722,31.0402946472168,machine,N,1.0
2024-08-13T17:08:13,codecarbon,19c6bb87-191b-4068-b67a-06cdd765f6cf,0.6325676079977711,3.477645468183812e-06,5.497666058480924e-06,42.5,0.0,11.6401104927063,7.193019411111993e-06,0.0,1.9358569983480734e-06,9.128876409460066e-06,Germany,DEU,bavaria,,,Linux-6.2.0-26-generic-x86_64-with-glibc2.35,3.11.5,2.6.0,16.0,12th Gen Intel(R) Core(TM) i7-1260P,,,11.5534,48.1722,31.0402946472168,machine,N,1.0
2024-08-13T17:08:16,codecarbon,08249eb9-7609-4c93-9ade-c0a90a79f439,0.6098403559990402,3.4662845682395715e-06,5.683921265855071e-06,42.5,0.0,11.6401104927063,7.156993259008636e-06,0.0,1.942060601706868e-06,9.099053860715505e-06,Germany,DEU,bavaria,,,Linux-6.2.0-26-generic-x86_64-with-glibc2.35,3.11.5,2.6.0,16.0,12th Gen Intel(R) Core(TM) i7-1260P,,,11.5534,48.1722,31.0402946472168,machine,N,1.0
2024-08-13T17:08:20,codecarbon,d189f9cd-6922-44f4-bf94-aeaf19e5e89f,0.4598120900009235,2.609023245834436e-06,5.67410753777526e-06,42.5,0.0,11.6401104927063,5.390469343061947e-06,0.0,1.458259481808604e-06,6.848728824870551e-06,Germany,DEU,bavaria,,,Linux-6.2.0-26-generic-x86_64-with-glibc2.35,3.11.5,2.6.0,16.0,12th Gen Intel(R) Core(TM) i7-1260P,,,11.5534,48.1722,31.0402946472168,machine,N,1.0
2024-08-13T17:08:21,codecarbon,dec9a5f4-efb9-4f85-9e67-d55b04814fb6,0.3671701620005478,2.089514430772617e-06,5.690861205572305e-06,42.5,0.0,11.6401104927063,4.316936472923772e-06,0.0,1.168073189164734e-06,5.485009662088506e-06,Germany,DEU,bavaria,,,Linux-6.2.0-26-generic-x86_64-with-glibc2.35,3.11.5,2.6.0,16.0,12th Gen Intel(R) Core(TM) i7-1260P,,,11.5534,48.1722,31.0402946472168,machine,N,1.0
2024-08-13T17:08:24,codecarbon,9db99fca-73fd-4719-9cfc-5a321fe22659,0.2399539500001992,1.3673709371921104e-06,5.698472299334831e-06,42.5,0.0,11.6401104927063,2.8217181305560898e-06,0.0,7.676530131428481e-07,3.5893711436989376e-06,Germany,DEU,bavaria,,,Linux-6.2.0-26-generic-x86_64-with-glibc2.35,3.11.5,2.6.0,16.0,12th Gen Intel(R) Core(TM) i7-1260P,,,11.5534,48.1722,31.0402946472168,machine,N,1.0
2024-08-13T17:08:24,codecarbon,7e4fb1fd-8434-4217-8716-16d842dfc64a,0.355884070002503,2.026273362595672e-06,5.693633217641411e-06,42.5,0.0,11.6401104927063,4.181703963912595e-06,0.0,1.1372968566561726e-06,5.319000820568768e-06,Germany,DEU,bavaria,,,Linux-6.2.0-26-generic-x86_64-with-glibc2.35,3.11.5,2.6.0,16.0,12th Gen Intel(R) Core(TM) i7-1260P,,,11.5534,48.1722,31.0402946472168,machine,N,1.0
2024-08-13T17:13:44,codecarbon,8e1e7fe9-4d26-4821-916d-06e18ba7518f,89.17453509199913,0.0005108507417894,5.728661677489328e-06,42.5,0.0,11.6401104927063,0.0010527028683846,0.0,0.00028828871001,0.0013409915783947,Germany,DEU,bavaria,,,Linux-6.2.0-26-generic-x86_64-with-glibc2.35,3.11.5,2.6.0,16.0,12th Gen Intel(R) Core(TM) i7-1260P,,,11.5534,48.1722,31.0402946472168,machine,N,1.0
2024-08-13T17:16:56,codecarbon,6c7059ff-74ba-42dd-a6db-69edfc30535a,86.34861835099946,0.0004946554815612,5.728585946222724e-06,42.5,0.0,11.6401104927063,0.0010193300557597,0.0,0.0002791486988308,0.0012984787545905,Germany,DEU,bavaria,,,Linux-6.2.0-26-generic-x86_64-with-glibc2.35,3.11.5,2.6.0,16.0,12th Gen Intel(R) Core(TM) i7-1260P,,,11.5534,48.1722,31.0402946472168,machine,N,1.0
2024-08-13T17:19:12,codecarbon,2105e4d7-91e9-4cda-ae13-4464a2d0fec0,54.38309298900276,0.0003115437976015,5.728688466920972e-06,42.5,0.0,11.6401104927063,0.0006419905554071,0.0,0.0001758170245944,0.0008178075800015,Germany,DEU,bavaria,,,Linux-6.2.0-26-generic-x86_64-with-glibc2.35,3.11.5,2.6.0,16.0,12th Gen Intel(R) Core(TM) i7-1260P,,,11.5534,48.1722,31.0402946472168,machine,N,1.0
2024-08-13T17:21:35,codecarbon,6eb51fb0-abd9-4c5f-8d28-399af9b5c47d,182.81597314799728,0.0010473195280562516,5.728818494478062e-06,42.5,0.0,11.6401104927063,0.0021581839046465323,0.0,0.000591047039194527,0.002749230943841059,Germany,DEU,bavaria,,,Linux-6.2.0-26-generic-x86_64-with-glibc2.35,3.11.5,2.6.0,16.0,12th Gen Intel(R) Core(TM) i7-1260P,,,11.5534,48.1722,31.040294647216797,machine,N,1.0
0
